ADM1_NAME,ADM2_NAME,ADM2_CODE
Cherkasy,Cherkas'ka,7654.0
Cherkasy,Cherkas'kyi,7655.0
Cherkasy,Chornobaivs'kyi,7995.0
Cherkasy,Chyhyryns'kyi,8085.0
Cherkasy,Drabivs'kyi,10280.0
Cherkasy,Horodyshchens'kyi,14528.0
Cherkasy,Kanivs'kyi,17193.0
Cherkasy,Katerynopil's'kyi,17492.0
Cherkasy,Korsun'-Shevchenkivs'kyi,18694.0
Cherkasy,Lysians'kyi,21077.0
Cherkasy,Man'kivs'kyi,21674.0
Cherkasy,Monastyryshchens'kyi,23458.0
Cherkasy,Shpolians'kyi,33903.0
Cherkasy,Smilians'kyi,34535.0
Cherkasy,Tal'nivs'kyi,36055.0
Cherkasy,Umans'ka,38522.0
Cherkasy,Umans'kyi,38523.0
Cherkasy,Zhashkivs'kyi,41305.0
Cherkasy,Zolotonis'kyi,41423.0
Cherkasy,Zvenyhorods'kyi,41513.0
Chernihiv,Bakhmats'kyi,3141.0
Chernihiv,Bobrovyts'kyi,4877.0
Chernihiv,Borznians'kyi,5262.0
Chernihiv,Chernihivs'ka,7660.0
Chernihiv,Chernihivs'kyi,7661.0
Chernihiv,Horodnians'kyi,14524.0
Chernihiv,Ichnians'kyi,14940.0
Chernihiv,Koriukivs'kyi,18672.0
Chernihiv,Korops'kyi,18687.0
Chernihiv,Kozelets'kyi,18869.0
Chernihiv,Kulykivs'kyi,19130.0
Chernihiv,Mens'kyi,22740.0
Chernihiv,Nizhyns'ka,25444.0
Chernihiv,Nizhyns'kyi,25445.0
Chernihiv,Nosivs'kyi,25699.0
Chernihiv,Novhorod-Sivers'kyi,25837.0
Chernihiv,Pryluts'ka,29412.0
Chernihiv,Pryluts'kyi,29413.0
Chernihiv,Ripkyns'kyi,30555.0
Chernihiv,Semenivs'kyi,33289.0
Chernihiv,Shchors'kyi,33677.0
Chernihiv,Sosnyts'kyi,34831.0
Chernihiv,Sribnians'kyi,35023.0
Chernihiv,Talala‹vs'kyi,36067.0
Chernihiv,Varvyns'kyi,39172.0
Chernivtsi,Chernivets'ka,7662.0
Chernivtsi,Hlybots'kyi,14367.0
Chernivtsi,Khotyns'kyi,17964.0
Chernivtsi,Novoselits'kyi,25925.0
Chernivtsi,Storozhynets'kyi,35189.0
Crimea,Alushtyns'ka,1496.0
Crimea,Bakhchysarais'kyi,3140.0
Crimea,Bilohirs'kyi,4619.0
Crimea,Chornomors'kyi,7996.0
Crimea,Dzhankois'ka,10515.0
Crimea,Dzhankois'kyi,10516.0
Crimea,Feodosiis'ka,11587.0
Crimea,Ialtyns'ka,14821.0
Crimea,Ievpatoriis'ka,14990.0
Crimea,Kerchens'ka,17728.0
Crimea,Kirovs'kyi,18228.0
Crimea,Krasnohvardiis'kyi,18931.0
Crimea,Krasnoperekops'kyi,18945.0
Crimea,Lenins'kyi,20221.0
Crimea,Nyzhn'ohirs'kyi,26131.0
Crimea,Pervomais'kyi,28192.0
Crimea,Rozdol'nens'kyi,30836.0
Crimea,Saks'kyi,31257.0
Crimea,Simferopol's'ka,34229.0
Crimea,Simferopol's'kyi,34230.0
Crimea,Soviets'kyi,34961.0
Crimea,Sudats'ka,35300.0
Dnipropetrovs'k,Apostolivs'kyi,2013.0
Dnipropetrovs'k,Dniprodzerzhyns'ka,9965.0
Dnipropetrovs'k,Dnipropetrovs'ka,9966.0
Dnipropetrovs'k,Dnipropetrovs'kyi,9967.0
Dnipropetrovs'k,Iurïvs'kyi,15832.0
Dnipropetrovs'k,Krynychans'kyi,19030.0
Dnipropetrovs'k,Kryvoriz'kyi,19032.0
Dnipropetrovs'k,KryvyiRig,19033.0
Dnipropetrovs'k,Mahdalynivs'kyi,21388.0
Dnipropetrovs'k,Mezhivs'kyi,22871.0
Dnipropetrovs'k,Nikopol's'ka,25338.0
Dnipropetrovs'k,Nikopol's'kyi,25339.0
Dnipropetrovs'k,Novomoskovs'kyi,25910.0
Dnipropetrovs'k,Ordzhonikidzevs'ka,26723.0
Dnipropetrovs'k,Pavlograd,27918.0
Dnipropetrovs'k,Pavlohrads'kyi,27920.0
Dnipropetrovs'k,Petropavlivs'kyi,28252.0
Dnipropetrovs'k,Petrykivs'kyi,28264.0
Dnipropetrovs'k,Piatykhats'kyi,28416.0
Dnipropetrovs'k,Pokrovs'kyi,28862.0
Dnipropetrovs'k,Shyrokivs'kyi,33945.0
Dnipropetrovs'k,Sofi‹vs'kyi,34607.0
Dnipropetrovs'k,Solonians'kyi,34683.0
Dnipropetrovs'k,Synel'nykivs'ka,35662.0
Dnipropetrovs'k,Synel'nykivs'kyi,35663.0
Dnipropetrovs'k,Tomakivs'kyi,37539.0
Dnipropetrovs'k,Tsarychans'kyi,37965.0
Dnipropetrovs'k,Vasyl'kivs'kyi,39199.0
Dnipropetrovs'k,Verkhn'odniprovs'kyi,39334.0
Donets'k,Amvrosi‹vs'kyi,1671.0
Donets'k,Artemivs'ka,2371.0
Donets'k,Artemivs'kyi,2372.0
Donets'k,Dobropil's'ka,9996.0
Donets'k,Dobropil's'kyi,9997.0
Donets'k,Donets'ka,10139.0
Donets'k,Dzerzhyns'ka,10511.0
Donets'k,Horlivs'ka,14516.0
Donets'k,Iasynuvats'ka,14831.0
Donets'k,Iasynuvats'kyi,14832.0
Donets'k,Ienakiievs'ka,14985.0
Donets'k,Kostiantynivs'ka,18738.0
Donets'k,Kostiantynivs'kyi,18739.0
Donets'k,Kramators'ka,18898.0
Donets'k,Krasnoarmiis'ka,18917.0
Donets'k,Krasnoarmiis'kyi,18918.0
Donets'k,Krasnolymans'ka,18940.0
Donets'k,Krasnolymans'kyi,18941.0
Donets'k,Maki‹vs'ka,21496.0
Donets'k,Mariupol's'ka,22073.0
Donets'k,Mar‹ns'kyi,21886.0
Donets'k,Novoazovs'kyi,25887.0
Donets'k,Novohrodivs'ka,25899.0
Donets'k,Oleksandrivs'kyi,26477.0
Donets'k,Pershotravnevyi,28180.0
Donets'k,Selydovs'ka,33278.0
Donets'k,Shakhtars'ka,33595.0
Donets'k,Shakhtars'kyi,33596.0
Donets'k,Slovians'ka,34511.0
Donets'k,Slovians'kyi,34512.0
Donets'k,Snizhnens'ka,34555.0
Donets'k,Starobeshivs'kyi,35083.0
Donets'k,Tel'manivs'kyi,36664.0
Donets'k,Torez'ka,37667.0
Donets'k,Velykonovosilkivs'kyi,39275.0
Donets'k,Volnovas'kyi,39781.0
Donets'k,Volodars'kyi,39784.0
Donets'k,Vuhledars'ka,39876.0
Donets'k,n.a. ( 394),24295.0
Donets'k,n.a. ( 511),24298.0
Ivano-Frankivs'k,Dolyns'kyi,10083.0
Ivano-Frankivs'k,Halyts'kyi,13777.0
Ivano-Frankivs'k,Horodenkivs'kyi,14523.0
Ivano-Frankivs'k,Iaremchans'ka,14828.0
Ivano-Frankivs'k,Ivano-Frankivs'ka,15846.0
Ivano-Frankivs'k,Kalus'kyi,17029.0
Ivano-Frankivs'k,Kolomyis'kyi,18526.0
Ivano-Frankivs'k,Nadvirnians'kyi,24588.0
Ivano-Frankivs'k,Rohatyns'kyi,30656.0
Ivano-Frankivs'k,Sniatyns'kyi,34551.0
Ivano-Frankivs'k,Tlumats'kyi,37438.0
Ivano-Frankivs'k,Tysmenyts'kyi,38311.0
Kharkiv,Balakliis'kyi,3178.0
Kharkiv,Barvinkivs'kyi,3770.0
Kharkiv,Blyzniukivs'kyi,4830.0
Kharkiv,Bohodukhivs'kyi,4966.0
Kharkiv,Borivs'kyi,5218.0
Kharkiv,Chuhu‹vs'kyi,8040.0
Kharkiv,Derhachivs'kyi,9588.0
Kharkiv,Dvorichans'kyi,10500.0
Kharkiv,Iziums'ka,15938.0
Kharkiv,Iziums'kyi,15939.0
Kharkiv,Kehychivs'kyi,17649.0
Kharkiv,Kharkivs'ka,17850.0
Kharkiv,Kharkivs'kyi,17851.0
Kharkiv,Krasnohrads'kyi,18930.0
Kharkiv,Krasnokuts'kyi,18937.0
Kharkiv,Kupians'ka,19188.0
Kharkiv,Kupians'kyi,19189.0
Kharkiv,Lozivs'ka,20811.0
Kharkiv,Lozivs'kyi,20812.0
Kharkiv,Novovodolaz'kyi,25943.0
Kharkiv,Pecheniz'kyi,27962.0
Kharkiv,Pervomais'kyi,28192.0
Kharkiv,Shevchenkivs'kyi,33738.0
Kharkiv,Valkivs'kyi,39027.0
Kharkiv,Velykoburluts'kyi,39272.0
Kharkiv,Vovchans'kyi,39837.0
Kharkiv,Zachepylivs'kyi,41069.0
Kharkiv,Zmiïvs'kyi,41407.0
Kharkiv,Zolochivs'kyi,41422.0
Kherson,Beryslavs'kyi,4444.0
Kherson,Bilozers'kyi,4625.0
Kherson,Chaplyns'kyi,7483.0
Kherson,Heniches'kyi,14160.0
Kherson,Holoprystans'kyi,14449.0
Kherson,Hornosta‹vs'kyi,14519.0
Kherson,Kakhovs'kyi,16943.0
Kherson,Kalanchats'kyi,16971.0
Kherson,Khersons'ka,17890.0
Kherson,Novokahovs'ka,25900.0
Kherson,Novotro‹ts'kyi,25936.0
Kherson,Novovorontsovs'kyi,25945.0
Kherson,Nyzhn'osirohoz'kyi,26132.0
Kherson,Skadovs'kyi,34412.0
Kherson,Tsiurupyns'kyi,37995.0
Kherson,Velykolepetys'kyi,39273.0
Kherson,Velykooleksandrivs'kyi,39276.0
Kherson,Verkhn'orohachyts'kyi,39335.0
Kherson,Vysokopil's'kyi,39924.0
Khmel'nyts'kyy,Bilohirs'kyi,4619.0
Khmel'nyts'kyy,Chemerovets'kyi,7608.0
Khmel'nyts'kyy,Derazhnians'kyi,9576.0
Khmel'nyts'kyy,Dunaievets'kyi,10433.0
Khmel'nyts'kyy,Horodots'kyi,14527.0
Khmel'nyts'kyy,Iarmolynets'kyi,14829.0
Khmel'nyts'kyy,Iziaslavs'kyi,15937.0
Khmel'nyts'kyy,Kamianets'-Podil's'ka,17062.0
Khmel'nyts'kyy,Kamianets'-Podil's'kyi,17063.0
Khmel'nyts'kyy,Khmel'nyts'ka,17913.0
Khmel'nyts'kyy,Khmel'nyts'kyi,17914.0
Khmel'nyts'kyy,Krasylivs'kyi,18965.0
Khmel'nyts'kyy,Letychivs'kyi,20308.0
Khmel'nyts'kyy,Novoushyts'kyi,25939.0
Khmel'nyts'kyy,Polons'kyi,28889.0
Khmel'nyts'kyy,Shepetivs'ka,33724.0
Khmel'nyts'kyy,Shepetivs'kyi,33725.0
Khmel'nyts'kyy,Slavuts'kyi,34481.0
Khmel'nyts'kyy,Starokostiantynivs'kyi,35087.0
Khmel'nyts'kyy,Starosyniavs'kyi,35096.0
Khmel'nyts'kyy,Teofipol's'kyi,36766.0
Khmel'nyts'kyy,Vin'kovets'kyi,39614.0
Khmel'nyts'kyy,Volochys'kyi,39782.0
Kiev,Baryshivs'kyi,3775.0
Kiev,Bilotserkivs'ka,4622.0
Kiev,Bilotserkivs'kyi,4623.0
Kiev,Bohuslavs'kyi,4968.0
Kiev,Borodians'kyi,5235.0
Kiev,Boryspil's'ka,5260.0
Kiev,Brovars'ka,5671.0
Kiev,Brovars'kyi,5672.0
Kiev,Fastivs'ka,11510.0
Kiev,Fastivs'kyi,11511.0
Kiev,Iahotyns'kyi,14818.0
Kiev,Irpins'ka,15506.0
Kiev,Ivankivs'kyi,15844.0
Kiev,Kaharlyts'kyi,16886.0
Kiev,Kyievo-Sviatoshyns'kyi,19355.0
Kiev,Makarivs'kyi,21482.0
Kiev,Myronivs'kyi,24276.0
Kiev,Obukhivs'kyi,26204.0
Kiev,Pereiaslav-Khmel'nyts'kyi,28130.0
Kiev,Polis'kyi,28882.0
Kiev,Rokytnians'kyi,30669.0
Kiev,Skvyrs'kyi,34465.0
Kiev,Stavyshchens'kyi,35110.0
Kiev,Tarashchans'kyi,36382.0
Kiev,Tetiïvs'kyi,36912.0
Kiev,Vasyl'kivs'kyi,39199.0
Kiev,Volodars'kyi,39784.0
Kiev,Vyshhorods'kyi,39919.0
Kiev,Zgurivs'kyi,41287.0
Kiev City,Darnyts'kyi,9350.0
Kiev City,Desnians'kyi,9614.0
Kiev City,Dniprovs'kyi,9968.0
Kiev City,Holosiïvs'kyi,14450.0
Kiev City,Obolons'kyi,26190.0
Kiev City,Shevchenkivs'kyi,33738.0
Kiev City,Sviatoshyns'kyi,35620.0
Kirovohrad,Dolyns'kyi,10083.0
Kirovohrad,Holovanivs'kyi,14451.0
Kirovohrad,Kirovohrads'kyi,18226.0
Kirovohrad,Kompani‹vs'kyi,18563.0
Kirovohrad,Malovyskivs'kyi,21621.0
Kirovohrad,Novoarkhanhel's'kyi,25886.0
Kirovohrad,Novomyrhorods'kyi,25914.0
Kirovohrad,Novoukra‹ns'kyi,25938.0
Kirovohrad,Oleksandriis'kyi,26476.0
Kirovohrad,Oleksandrivs'kyi,26477.0
Kirovohrad,Onufri‹vs'kyi,26646.0
Kirovohrad,Petrivs'kyi,28247.0
Kirovohrad,Svitlovods'kyi,35628.0
Kirovohrad,Ustynivs'kyi,38825.0
Kirovohrad,Znamians'kyi,41411.0
L'viv,Brodivs'kyi,5647.0
L'viv,Bus'kyi,6036.0
L'viv,Drohobyts'kyi,10334.0
L'viv,Horodots'kyi,14527.0
L'viv,Iavorivs'kyi,14834.0
L'viv,Kamianka-Buz'kyi,17064.0
L'viv,L'vivs'ka,19402.0
L'viv,Mostys'kyi,23765.0
L'viv,Mykola‹vs'kyi,24268.0
L'viv,Peremyshlians'kyi,28137.0
L'viv,Pustomytivs'kyi,29580.0
L'viv,Radekhivs'kyi,29890.0
L'viv,Sambirs'ka,31434.0
L'viv,Skolivs'kyi,34450.0
L'viv,Sokal's'kyi,34627.0
L'viv,Starosambirs'kyi,35094.0
L'viv,Stryis'kyi,35233.0
L'viv,Turkivs'kyi,38218.0
L'viv,Zhovkivs'kyi,41329.0
L'viv,Zhydachivs'kyi,41339.0
L'viv,Zolochivs'kyi,41422.0
Luhans'k,Alchevs'ka,1222.0
Luhans'k,Antratsytivs'kyi,1932.0
Luhans'k,Bilokurakyns'kyi,4620.0
Luhans'k,Bilovods'kyi,4624.0
Luhans'k,Briankivs'ka,5621.0
Luhans'k,Kirovs'ka,18227.0
Luhans'k,Krasnodons'ka,18924.0
Luhans'k,Krasnodons'kyi,18925.0
Luhans'k,Krasnoluts'ka,18939.0
Luhans'k,Kremins'kyi,18973.0
Luhans'k,Luhans'ka,20910.0
Luhans'k,Lutuhyns'kyi,21029.0
Luhans'k,Lysychans'ka,21080.0
Luhans'k,Milovs'kyi,23028.0
Luhans'k,Novoaidars'kyi,25882.0
Luhans'k,Novopskovs'kyi,25920.0
Luhans'k,Pereval's'kyi,28143.0
Luhans'k,Popasnians'kyi,28982.0
Luhans'k,Roven'kivs'ka,30816.0
Luhans'k,Rubezhans'ka,30854.0
Luhans'k,Sieverodonets'ka,34129.0
Luhans'k,Slovianoserbs'kyi,34510.0
Luhans'k,Stakhanivs'ka,35040.0
Luhans'k,Stanychno-Luhans'kyi,35060.0
Luhans'k,Starobil's'kyi,35084.0
Luhans'k,Svativs'kyi,35579.0
Luhans'k,Sverdlovs'ka,35597.0
Luhans'k,Sverdlovs'kyi,35598.0
Luhans'k,Tro‹ts'kyi,37901.0
Luhans'k,n.a. ( 182),24292.0
Mykolayiv,Arbuzyns'kyi,2177.0
Mykolayiv,Bashtans'kyi,3793.0
Mykolayiv,Berezans'kyi,4368.0
Mykolayiv,Bereznehuvats'kyi,4372.0
Mykolayiv,Domanivs'kyi,10102.0
Mykolayiv,Kazanetskyi,17599.0
Mykolayiv,Kryvoozers'kyi,19031.0
Mykolayiv,Mykola‹vs'ka,24267.0
Mykolayiv,Mykola‹vs'kyi,24268.0
Mykolayiv,Novobuz'kyi,25889.0
Mykolayiv,Novoodes'kyi,25916.0
Mykolayiv,Ochakivs'kyi,26216.0
Mykolayiv,Pervomais'kyi,28192.0
Mykolayiv,Snihurivs'kyi,34552.0
Mykolayiv,Veselynivs'kyi,39378.0
Mykolayiv,Voznesens'kyi,39841.0
Mykolayiv,Zhovtnevyi,41330.0
Odessa,Anan'‹vs'kyi,1709.0
Odessa,Artsyz'kyi,2378.0
Odessa,Balts'kyi,3302.0
Odessa,Berezivs'kyi,4371.0
Odessa,Bilhorod-Dnistrovs'kyi,4609.0
Odessa,Bilia‹vs'kyi,4610.0
Odessa,Bolhrads'kyi,5029.0
Odessa,Ivanivs'kyi,15842.0
Odessa,Izma‹l's'ka,15941.0
Odessa,Kiliis'kyi,18107.0
Odessa,Kodyms'kyi,18447.0
Odessa,Kominternivs'kyi,18555.0
Odessa,Kotovs'kyi,18813.0
Odessa,Krasnooknians'kyi,18942.0
Odessa,Mykola‹vs'kyi,24268.0
Odessa,Odes'ka,26260.0
Odessa,Ovidiopol's'kyi,27181.0
Odessa,Reniis'kyi,30277.0
Odessa,Rozdil'nias'kyi,30835.0
Odessa,Sarats'kyi,32791.0
Odessa,Shyria‹vs'kyi,33944.0
Odessa,Tarutyns'kyi,36463.0
Odessa,Tatarbunars'kyi,36497.0
Odessa,Velykomykhailivs'kyi,39274.0
Poltava,Chutivs'kyi,8081.0
Poltava,Dykans'kyi,10504.0
Poltava,Hadiats'kyi,13656.0
Poltava,Hlobyns'kyi,14362.0
Poltava,Karlivs'kyi,17358.0
Poltava,Khorol's'kyi,17952.0
Poltava,Kobeliats'kyi,18419.0
Poltava,Komsomol's'ka,18566.0
Poltava,Kotelevs'kyi,18802.0
Poltava,Kozel'shchyns'kyi,18867.0
Poltava,Kremenchuts'ka,18970.0
Poltava,Kremenchuts'kyi,18971.0
Poltava,Lubens'kyi,20836.0
Poltava,Mashivs'kyi,22201.0
Poltava,Myrhorods'kyi,24275.0
Poltava,Novosanzhars'kyi,25924.0
Poltava,Poltavs'ka,28898.0
Poltava,Poltavs'kyi,28899.0
Poltava,Pyriatyns'kyi,29616.0
Poltava,Reshetylivs'kyi,30301.0
Poltava,Shyshats'kyi,33946.0
Poltava,Velykobahachans'kyi,39269.0
Poltava,Zin'kivs'kyi,41369.0
Rivne,Bereznivs'kyi,4374.0
Rivne,Dubens'kyi,10348.0
Rivne,Dubnivs'ka,10350.0
Rivne,Dubrovyts'kyi,10360.0
Rivne,Hoshchans'kyi,14544.0
Rivne,Korets'kyi,18665.0
Rivne,Kostopil's'kyi,18743.0
Rivne,Ostroz'kyi,26909.0
Rivne,Radyvylivs'kyi,29917.0
Rivne,Rivnens'ka,30582.0
Rivne,Rivnens'kyi,30583.0
Rivne,Sarnens'kyi,32845.0
Rivne,Volodymyrets'kyi,39787.0
Rivne,Zdolbunivs'kyi,41222.0
Sevastopol',Balaklavs'kyi,3177.0
Sevastopol',Haharins'kyi,13688.0
Sevastopol',Lenins'kyi,20221.0
Sevastopol',Nakhimovs'kyi,24696.0
Sumy,Bilopils'kyi,4621.0
Sumy,Buryns'kyi,6034.0
Sumy,Hlukhivs'kyi,14364.0
Sumy,Iampil's'kyi,14822.0
Sumy,Konotops'kyi,18617.0
Sumy,Krasnopil's'kyi,18946.0
Sumy,Krolevets'kyi,18997.0
Sumy,Lebedyns'kyi,20119.0
Sumy,Nedryhailivs'kyi,25039.0
Sumy,Okhtyrs'ka,26413.0
Sumy,Okhtyrs'kyi,26414.0
Sumy,Putyvl's'kyi,29596.0
Sumy,Romens'ka,30692.0
Sumy,Romens'kyi,30693.0
Sumy,Seredyno-Buds'kyi,33405.0
Sumy,Shostkins'ka,33897.0
Sumy,Shostkins'kyi,33898.0
Sumy,Sums'ka,35425.0
Sumy,Sums'kyi,35426.0
Sumy,Trostianets'kyi,37922.0
Sumy,Velykopysarivs'kyi,39277.0
Ternopil',Berezhans'kyi,4370.0
Ternopil',Buchats'kyi,5738.0
Ternopil',Chortkivs'kyi,8001.0
Ternopil',Husiatyns'kyi,14774.0
Ternopil',Kozivs'kyi,18874.0
Ternopil',Kremenets'kyi,18972.0
Ternopil',Pidhaiets'kyi,28440.0
Ternopil',Shums'kyi,33922.0
Ternopil',Terebovlians'kyi,36831.0
Ternopil',Ternopil's'ka,36855.0
Ternopil',Ternopil's'kyi,36856.0
Ternopil',Zalishchyts'kyi,41113.0
Ternopil',Zbaraz'kyi,41217.0
Ternopil',Zborivs'kyi,41219.0
Transcarpathia,Berehivs'kyi,4358.0
Transcarpathia,Irshavs'kyi,15507.0
Transcarpathia,Khusts'kyi,18005.0
Transcarpathia,Mukachivs'ka,24016.0
Transcarpathia,Mukachivs'kyi,24017.0
Transcarpathia,Perechyns'kyi,28127.0
Transcarpathia,Rakhivs'kyi,29976.0
Transcarpathia,Svaliavs'kyi,35577.0
Transcarpathia,Tiachivs'kyi,37140.0
Transcarpathia,Uzhhorods'ka,38884.0
Transcarpathia,Uzhhorods'kyi,38885.0
Transcarpathia,Velykobereznians'kyi,39270.0
Transcarpathia,Volovets'kyi,39796.0
Transcarpathia,Vynohradivs'kyi,39917.0
Vinnytsya,Bars'kyi,3743.0
Vinnytsya,Bershads'kyi,4433.0
Vinnytsya,Iampil's'kyi,14822.0
Vinnytsya,Illinets'kyi,15195.0
Vinnytsya,Kalynivs'kyi,17032.0
Vinnytsya,Koziatyns'kyi,18872.0
Vinnytsya,Kryzhopil's'kyi,19034.0
Vinnytsya,Ladyzhyns'ka,19597.0
Vinnytsya,Lityns'kyi,20530.0
Vinnytsya,Lypovets'kyi,21072.0
Vinnytsya,Mohyliv-Podil's'kyi,23397.0
Vinnytsya,Murovano-Kurylovets'kyi,24137.0
Vinnytsya,Nemyrivs'kyi,25093.0
Vinnytsya,Orativs'kyi,26710.0
Vinnytsya,Pohrebyshchens'kyi,28824.0
Vinnytsya,Teplyts'kyi,36815.0
Vinnytsya,Tomashpil's'kyi,37551.0
Vinnytsya,Trostianets'kyi,37922.0
Vinnytsya,Tul'chyns'kyi,38095.0
Vinnytsya,Tyvrivs'kyi,38324.0
Vinnytsya,Vinnyts'ka,39646.0
Vinnytsya,Vinnyts'kyi,39647.0
Vinnytsya,Zhmeryns'kyi,41323.0
Volyn,Ivanychivs'kyi,15852.0
Volyn,Kivertsivs'kyi,18318.0
Volyn,Kovel's'ka,18845.0
Volyn,Kovel's'kyi,18846.0
Volyn,Liubeshivs'kyi,20533.0
Volyn,Liuboml's'ky,20534.0
Volyn,Lokachyns'kyi,20636.0
Volyn,Luts'ka,21027.0
Volyn,Luts'kyi,21028.0
Volyn,Manevyts'kyi,21746.0
Volyn,Ratnivs'kyi,30122.0
Volyn,Shats'kyi,33663.0
Volyn,Turiis'kyi,38205.0
Zaporizhzhya,Berdians'ka,4351.0
Zaporizhzhya,Berdians'kyi,4352.0
Zaporizhzhya,Chernihivs'kyi,7661.0
Zaporizhzhya,Huliaipil's'kyi,14713.0
Zaporizhzhya,Iakymivs'kyi,14819.0
Zaporizhzhya,Kamians'ko-Dniprovs'kyi,17065.0
Zaporizhzhya,Kuibyshevs'kyi,19094.0
Zaporizhzhya,Melitopol's'ka,22690.0
Zaporizhzhya,Melitopol's'kyi,22691.0
Zaporizhzhya,Mykhailivs'kyi,24266.0
Zaporizhzhya,Novomykola‹vs'kyi,25913.0
Zaporizhzhya,Orikhivs'kyi,26748.0
Zaporizhzhya,Polohivs'kyi,28886.0
Zaporizhzhya,Pryazovs'kyi,29411.0
Zaporizhzhya,Prymors'kyi,29414.0
Zaporizhzhya,Rozivs'kyi,30841.0
Zaporizhzhya,Tokmats'ka,37510.0
Zaporizhzhya,Tokmats'kyi,37511.0
Zaporizhzhya,Vasylivs'kyi,39200.0
Zaporizhzhya,Velykobilozers'kyi,39271.0
Zaporizhzhya,Veselivs'kyi,39376.0
Zaporizhzhya,Vil'nians'kyi,39487.0
Zaporizhzhya,Zaporiz'ka,41153.0
Zaporizhzhya,Zaporiz'kyi,41154.0
Zhytomyr,Andrushivs'kyi,1781.0
Zhytomyr,Brusylivs'kyi,5698.0
Zhytomyr,Cherniakhivs'kyi,7658.0
Zhytomyr,Chudnivs'kyi,8036.0
Zhytomyr,Iemil'chyns'kyi,14984.0
Zhytomyr,Korostens'ka,18688.0
Zhytomyr,Korostens'kyi,18689.0
Zhytomyr,Korostyshivs'kyi,18690.0
Zhytomyr,Liubars'kyi,20531.0
Zhytomyr,Malyns'kyi,21643.0
Zhytomyr,Narodyts'kyi,24871.0
Zhytomyr,Novohrad-Volyns'ka,25897.0
Zhytomyr,Novohrad-Volyns'kyi,25898.0
Zhytomyr,Olevs'kyi,26484.0
Zhytomyr,Ovruts'kyi,27183.0
Zhytomyr,Popil'nians'kyi,28987.0
Zhytomyr,Radomyshl's'kyi,29908.0
Zhytomyr,Volodars'ko-Volyns'kyi,39783.0
Zhytomyr,Zhytomyrs'ka,41342.0
Zhytomyr,Zhytomyrs'kyi,41343.0
